Company,TypeName,Inches,Ram,Memory,Weight,Price
Apple,Ultrabook,13.3,8,256GB SSD,1.37,71378
Apple,Ultrabook,13.3,8,128GB Flash,1.34,47895
HP,Notebook,15.6,8,256GB SSD,1.86,30636
Apple,Ultrabook,15.4,16,512GB SSD,1.83,135195
Apple,Ultrabook,13.3,8,256GB SSD,1.37,96095
HP,Notebook,15.6,8,500GB HDD,2.10,21312
Apple,Ultrabook,15.4,16,256GB SSD,1.83,114233
Apple,Ultrabook,13.3,8,512GB SSD,1.37,93186
Asus,Notebook,14.2,4,500GB HDD,2.00,15000
Acer,Notebook,15.6,4,1TB HDD,2.20,22000
Dell,Notebook,15.6,8,1TB HDD,2.30,35000
Dell,Ultrabook,13.3,16,512GB SSD,1.29,88000
HP,Gaming,17.3,16,1TB SSD,3.35,125000
Lenovo,Notebook,15.6,4,500GB HDD,2.20,24000
Asus,Gaming,15.6,8,256GB SSD,2.50,65000